Tag,Year,Month,Count
android,2023,1,2916
android,2023,2,2540
android,2023,3,2651
android,2023,4,2174
android,2023,5,2124
android,2023,6,2055
android,2023,7,1907
android,2023,8,2036
android,2023,9,1862
android,2023,10,1914
android,2023,11,1762
android,2023,12,1566
android,2024,1,1660
android,2024,2,1580
android,2024,3,1635
android,2024,4,2055
android,2024,5,2094
android,2024,6,1541
android,2024,7,1597
android,2024,8,1458
android,2024,9,1394
android,2024,10,1281
android,2024,11,1071
android,2024,12,957
android,2025,1,935
android,2025,2,882
android,2025,3,862
android,2025,4,70
css,2023,1,2858
css,2023,2,2576
css,2023,3,2558
css,2023,4,1999
css,2023,5,2005
css,2023,6,1777
css,2023,7,1934
css,2023,8,1765
css,2023,9,1411
css,2023,10,1456
css,2023,11,1231
css,2023,12,1194
css,2024,1,1280
css,2024,2,1197
css,2024,3,1198
css,2024,4,1298
css,2024,5,1164
css,2024,6,1006
css,2024,7,890
css,2024,8,837
css,2024,9,694
css,2024,10,669
css,2024,11,539
css,2024,12,466
css,2025,1,514
css,2025,2,448
css,2025,3,505
css,2025,4,35
css,2025,5,0
css,2025,6,0
css,2025,7,0
css,2025,8,0
css,2025,9,0
css,2025,10,0
css,2025,11,0
css,2025,12,0
c,2023,1,4636
c,2023,2,4099
c,2023,3,4224
c,2023,4,3298
c,2023,5,3211
c,2023,6,3236
c,2023,7,3264
c,2023,8,3096
c,2023,9,2659
c,2023,10,2624
c,2023,11,2637
c,2023,12,2262
c,2024,1,2311
c,2024,2,2300
c,2024,3,2296
c,2024,4,2703
c,2024,5,2457
c,2024,6,1922
c,2024,7,2070
c,2024,8,1834
c,2024,9,1552
c,2024,10,1584
c,2024,11,1354
c,2024,12,1089
c,2025,1,1137
c,2025,2,1004
c,2025,3,1043
c,2025,4,73
ccc,2023,1,2858
ccc,2023,2,2576
ccc,2023,3,2558
ccc,2023,4,1999
ccc,2023,5,2005
ccc,2023,6,1777
ccc,2023,7,1934
ccc,2023,8,1765
ccc,2023,9,1411
ccc,2023,10,1456
ccc,2023,11,1231
ccc,2023,12,1194
ccc,2024,1,1280
ccc,2024,2,1197
ccc,2024,3,1198
ccc,2024,4,1298
ccc,2024,5,1164
ccc,2024,6,1006
ccc,2024,7,890
ccc,2024,8,837
ccc,2024,9,694
ccc,2024,10,669
ccc,2024,11,539
ccc,2024,12,466
ccc,2025,1,514
ccc,2025,2,448
ccc,2025,3,505
ccc,2025,4,35
flutter,2023,1,2994
flutter,2023,2,2496
flutter,2023,3,2476
flutter,2023,4,1930
flutter,2023,5,1823
flutter,2023,6,1704
flutter,2023,7,1760
flutter,2023,8,1774
flutter,2023,9,1496
flutter,2023,10,1499
flutter,2023,11,1444
flutter,2023,12,1275
flutter,2024,1,1471
flutter,2024,2,1308
flutter,2024,3,1356
flutter,2024,4,1558
flutter,2024,5,1594
flutter,2024,6,1150
flutter,2024,7,1186
flutter,2024,8,1084
flutter,2024,9,979
flutter,2024,10,898
flutter,2024,11,732
flutter,2024,12,737
flutter,2025,1,669
flutter,2025,2,603
flutter,2025,3,610
flutter,2025,4,33
html,2023,1,3701
html,2023,2,3221
html,2023,3,3375
html,2023,4,2642
html,2023,5,2586
html,2023,6,2236
html,2023,7,2294
html,2023,8,2083
html,2023,9,1777
html,2023,10,1810
html,2023,11,1538
html,2023,12,1521
html,2024,1,1599
html,2024,2,1510
html,2024,3,1486
html,2024,4,1669
html,2024,5,1477
html,2024,6,1218
html,2024,7,1090
html,2024,8,1015
html,2024,9,838
html,2024,10,728
html,2024,11,636
html,2024,12,543
html,2025,1,583
html,2025,2,513
html,2025,3,541
html,2025,4,44
java,2023,1,4634
java,2023,2,4075
java,2023,3,4445
java,2023,4,3575
java,2023,5,3290
java,2023,6,3310
java,2023,7,3120
java,2023,8,3044
java,2023,9,2677
java,2023,10,2660
java,2023,11,2595
java,2023,12,2037
java,2024,1,2251
java,2024,2,2212
java,2024,3,2300
java,2024,4,2541
java,2024,5,2235
java,2024,6,1663
java,2024,7,1501
java,2024,8,1198
java,2024,9,1261
java,2024,10,1507
java,2024,11,1257
java,2024,12,1164
java,2025,1,1167
java,2025,2,943
java,2025,3,1078
java,2025,4,94
javascript,2023,1,9888
javascript,2023,2,8459
javascript,2023,3,8450
javascript,2023,4,6530
javascript,2023,5,6107
javascript,2023,6,5845
javascript,2023,7,5899
javascript,2023,8,5234
javascript,2023,9,4492
javascript,2023,10,4163
javascript,2023,11,4007
javascript,2023,12,3710
javascript,2024,1,4008
javascript,2024,2,3657
javascript,2024,3,3775
javascript,2024,4,4184
javascript,2024,5,3919
javascript,2024,6,2914
javascript,2024,7,2825
javascript,2024,8,2459
javascript,2024,9,2131
javascript,2024,10,1872
javascript,2024,11,1631
javascript,2024,12,1386
javascript,2025,1,1434
javascript,2025,2,1185
javascript,2025,3,1393
javascript,2025,4,85
python,2023,1,14811
python,2023,2,13034
python,2023,3,12764
python,2023,4,10029
python,2023,5,9513
python,2023,6,9045
python,2023,7,8976
python,2023,8,8268
python,2023,9,6980
python,2023,10,7127
python,2023,11,6752
python,2023,12,5602
python,2024,1,6211
python,2024,2,6191
python,2024,3,6056
python,2024,4,7255
python,2024,5,6812
python,2024,6,5011
python,2024,7,5119
python,2024,8,4490
python,2024,9,3668
python,2024,10,3466
python,2024,11,3138
python,2024,12,2695
python,2025,1,2706
python,2025,2,2255
python,2025,3,2677
python,2025,4,209
r,2023,1,3211
r,2023,2,3269
r,2023,3,3289
r,2023,4,2595
r,2023,5,2362
r,2023,6,2202
r,2023,7,2013
r,2023,8,2004
r,2023,9,1740
r,2023,10,1728
r,2023,11,1659
r,2023,12,1353
r,2024,1,1560
r,2024,2,1559
r,2024,3,1467
r,2024,4,1530
r,2024,5,1371
r,2024,6,1081
r,2024,7,1039
r,2024,8,876
r,2024,9,744
r,2024,10,785
r,2024,11,697
r,2024,12,550
r,2025,1,522
r,2025,2,507
r,2025,3,550
r,2025,4,42
reactjs,2023,1,5443
reactjs,2023,2,4746
reactjs,2023,3,4635
reactjs,2023,4,3638
reactjs,2023,5,3456
reactjs,2023,6,3446
reactjs,2023,7,3485
reactjs,2023,8,3220
reactjs,2023,9,2604
reactjs,2023,10,2411
reactjs,2023,11,2377
reactjs,2023,12,2062
reactjs,2024,1,2334
reactjs,2024,2,2095
reactjs,2024,3,2092
reactjs,2024,4,2635
reactjs,2024,5,2512
reactjs,2024,6,1875
reactjs,2024,7,1816
reactjs,2024,8,1586
reactjs,2024,9,1340
reactjs,2024,10,1099
reactjs,2024,11,971
reactjs,2024,12,865
reactjs,2025,1,869
reactjs,2025,2,715
reactjs,2025,3,884
reactjs,2025,4,57
typescript,2023,1,2679
typescript,2023,2,2455
typescript,2023,3,2465
typescript,2023,4,1962
typescript,2023,5,1874
typescript,2023,6,1713
typescript,2023,7,1896
typescript,2023,8,1834
typescript,2023,9,1623
typescript,2023,10,1432
typescript,2023,11,1377
typescript,2023,12,1204
typescript,2024,1,1318
typescript,2024,2,1264
typescript,2024,3,1285
typescript,2024,4,1472
typescript,2024,5,1357
typescript,2024,6,1134
typescript,2024,7,1157
typescript,2024,8,1029
typescript,2024,9,894
typescript,2024,10,799
typescript,2024,11,743
typescript,2024,12,626
typescript,2025,1,665
typescript,2025,2,563
typescript,2025,3,601
typescript,2025,4,34
